rank	title	artist	url	file_name	status
1	锁（我就当我的爱 是罪）	张子墨	https://sf5-hl-ali-cdn-tos.douyinstatic.com/obj/tos-cn-ve-2774/o844ffpkGY97g5w9KfLKIimxcEewmGCQI9Aj18	001 - 锁（我就当我的爱 是罪） - 张子墨 - 67c200cd1f.m4a	downloaded
2	通俗爱情_陈默之	陈默之	https://sf6-cdn-tos.douyinstatic.com/obj/tos-cn-ve-2774/owVYEHaygcrZCQmipOYmRfF6tmAUChfLBbOgDc	002 - 通俗爱情_陈默之 - 陈默之 - 9303983cb5.m4a	downloaded
3	如果我一颗心被你俘虏	好久不见	https://sf5-hl-ali-cdn-tos.douyinstatic.com/obj/tos-cn-ve-2774/owas4tQAGXFF0Ef5NfzNlSfgWJDyBCFYogYTYL	003 - 如果我一颗心被你俘虏 - 好久不见 - d7b6b95999.m4a	downloaded
4	Time is broken (宿命氛围感)（大头钉 Remix）	大头钉	https://sf6-cdn-tos.douyinstatic.com/obj/tos-cn-ve-2774/ooYIWIarPDgQ5x0xAaoBAW9TGQlAiiaUMLBA8	004 - Time is broken (宿命氛围感)（大头钉 Remix） - 大头钉 - 4e24240ee7.m4a	downloaded
5	咏春 (氛围版)（Cover 七朵组合）	图钉姐	https://sf5-hl-ali-cdn-tos.douyinstatic.com/obj/tos-cn-ve-2774/okNnekhimEs5QM9IJAi0BsRBQ7hWDAUPv9sWH8	005 - 咏春 (氛围版)（Cover 七朵组合） - 图钉姐 - 1d63e22fde.m4a	downloaded
6	心绪(我想要的只是你在我身边)	宇宙草	https://sf5-hl-ali-cdn-tos.douyinstatic.com/obj/tos-cn-ve-2774/og0coB8Q2ATIkBis3AGMWPFHVvWTwZf145nBiZ	006 - 心绪(我想要的只是你在我身边) - 宇宙草 - e8e1ff1e33.m4a	downloaded
7	You And Me	Jamvana/ZEKEN	https://sf6-cdn-tos.douyinstatic.com/obj/tos-cn-ve-2774/oAp3D85igPswQMhILAi0BHdBwDovCAnKf4uWBx	007 - You And Me - Jamvana_ZEKEN - 31205f91c1.m4a	downloaded
8	自由自在简简单单（剪辑版）	VEA	https://sf6-cdn-tos.douyinstatic.com/obj/tos-cn-ve-2774/ocYAD4e0OUWeCvCbe08hsYgfkEeiCAfbQB0PPfI	008 - 自由自在简简单单（剪辑版） - VEA - 1ac810dd2c.m4a	downloaded
9	苦茶子（X0.9）（Cover Starling8 &  MoreLearn 27 & FIVESTAR）	杨景宏	https://sf5-hl-ali-cdn-tos.douyinstatic.com/obj/tos-cn-ve-2774/oAetArcDXYCuBFEMlrxPdfgGagEjVBDFnQtZFF	009 - 苦茶子（X0.9）（Cover Starling8 & MoreLearn 27 & FIVESTAR） - 杨景宏 - 9335c992ca.m4a	downloaded
10	忘了算了（Cover 范怡文）（主歌）	溫月月.	https://sf5-hl-ali-cdn-tos.douyinstatic.com/obj/tos-cn-ve-2774/oEr1CFDrZtAeHYY1ZNEQgABCYOXgGp56ppfoIt	010 - 忘了算了（Cover 范怡文）（主歌） - 溫月月. - 4ce7795e48.m4a	downloaded
11	ditto(氛围感)	@天子	https://sf5-hl-ali-cdn-tos.douyinstatic.com/obj/tos-cn-ve-2774/o0rCQBEmNODBZngpjJkGF5uAffDQyoMtaCIaQl	011 - ditto(氛围感) - @天子 - 82687c59bc.m4a	downloaded
12	拿下拿下（Cover 王者阿水 & 阿水）（剪辑版）	长顺	https://sf5-hl-ali-cdn-tos.douyinstatic.com/obj/tos-cn-ve-2774/oYJXbFAzsaDMrEMTyNFfBCAKDYA5JQIxzuDfaf	012 - 拿下拿下（Cover 王者阿水 & 阿水）（剪辑版） - 长顺 - 9ac4b5a0e4.m4a	downloaded
13	你不必是一朵花（剪辑版）	J.H.H	https://sf6-cdn-tos.douyinstatic.com/obj/tos-cn-ve-2774/oAoQtZUEZDefdgqYygKM9MYlICRpFqDLYNBAFB	013 - 你不必是一朵花（剪辑版） - J.H.H - 4169270d9e.m4a	downloaded
14	几分之几（氛围r&b）（Cover 卢广仲）（剪辑版）	PPR	https://sf6-cdn-tos.douyinstatic.com/obj/tos-cn-ve-2774/o4NeixD1IFCzMTBXLGEN9vtMAuLMfZWcpZPJgq	014 - 几分之几（氛围r&b）（Cover 卢广仲）（剪辑版） - PPR - f2fcf25b4a.m4a	downloaded
15	here with me (Tove Ball Remix)	Tove Ball	https://sf6-cdn-tos.douyinstatic.com/obj/tos-cn-ve-2774/oYMDnQQ0xhuEtBBRYVBAST5CElDHAyCIegfFZQ	015 - here with me (Tove Ball Remix) - Tove Ball - d6a475ee12.m4a	downloaded
16	你很哇塞(女神节版)	夏梓薰	https://sf5-hl-ali-cdn-tos.douyinstatic.com/obj/tos-cn-ve-2774/ocAd6jRB8tNDteeZ1YoZ9ACDTJgb0tUS2OyQun	016 - 你很哇塞(女神节版) - 夏梓薰 - cef776b766.m4a	downloaded
17	Scared 2 be lonely beat（当真爱降临）（剪辑版）	Yn1jasper	https://sf5-hl-ali-cdn-tos.douyinstatic.com/obj/tos-cn-ve-2774/owjfz4peTBaAaEBSCCLX0yXQhjMh0NFlvA8yfg	017 - Scared 2 be lonely beat（当真爱降临）（剪辑版） - Yn1jasper - b69d1c4631.m4a	downloaded
18	幸福降临（剪辑版）	刘星宇	https://sf5-hl-ali-cdn-tos.douyinstatic.com/obj/tos-cn-ve-2774/oUdjQypvA0tzFQHpSXYieDWva8BfEw8hCeOmMs	018 - 幸福降临（剪辑版） - 刘星宇 - 5ae85133fb.m4a	downloaded
19	第一天（R&B律动版）（Cover 孙燕姿）（剪辑版）	时弦Sienn	https://sf5-hl-ali-cdn-tos.douyinstatic.com/obj/tos-cn-ve-2774/oEgddOap5NAOBMPPZ1PraX8TWiICUiEIdQln0	019 - 第一天（R&B律动版）（Cover 孙燕姿）（剪辑版） - 时弦Sienn - e0a21098bb.m4a	downloaded
20	删照片 (你删了我的照片 也删了我的微信)	李承翰（C$H）/ ND姜兆轩	https://sf6-cdn-tos.douyinstatic.com/obj/tos-cn-ve-2774/osKS07DqQFCQYiBVWSECe5t4AvOUfZFUpEClg6	020 - 删照片 (你删了我的照片 也删了我的微信) - 李承翰（C$H）_ ND姜兆轩 - d8def100bc.m4a	downloaded
21	Heroes 3	VZEUS	https://sf5-hl-ali-cdn-tos.douyinstatic.com/obj/tos-cn-ve-2774/o0DDy2SqgNz4IPeaLGFqEQYGeA5gvaPC4oeDsX	021 - Heroes 3 - VZEUS - 547c958a51.m4a	downloaded
22	左转灯 (1000 Times+1)	派偉俊/mac ova sea	https://sf6-cdn-tos.douyinstatic.com/obj/tos-cn-ve-2774/os77QI7MDoNbhBF2gEfwCLQCQFXeDoBtx4bZ8u	022 - 左转灯 (1000 Times+1) - 派偉俊_mac ova sea - 3661d765b7.m4a	downloaded
23	ぎのようなときめき（兔子般的心动） 変速 ver.（剪辑版）	鱼饼吃橘子	https://sf6-cdn-tos.douyinstatic.com/obj/tos-cn-ve-2774/o4bUrFVtBMyjxg2bB7iQmNsxrAfL0BgIi3QdW0	023 - ぎのようなときめき（兔子般的心动） 変速 ver.（剪辑版） - 鱼饼吃橘子 - 53acba85f3.m4a	downloaded
24	他只是经过	h3R3/高旭	https://sf5-hl-ali-cdn-tos.douyinstatic.com/obj/tos-cn-ve-2774/o8EBL0GofbonNCXbABaQ2bDweaFzrUfZX6AbdQ	024 - 他只是经过 - h3R3_高旭 - d74936f558.m4a	downloaded
25	咏春（副歌）	梨香JZH & 口古口古	https://sf5-hl-ali-cdn-tos.douyinstatic.com/obj/tos-cn-ve-2774/osUiFHCDnB6jThIFEAIO7CIftAHYf27g4ZMITL	025 - 咏春（副歌） - 梨香JZH & 口古口古 - 9ca8b10ae9.m4a	downloaded
26	对空气撒个娇（女声版）（剪辑版）	姜小斌	https://sf5-hl-ali-cdn-tos.douyinstatic.com/obj/tos-cn-ve-2774/ogC9FIdWILyeSakOQTIGM4e4YK4NAc7IBGtZez	026 - 对空气撒个娇（女声版）（剪辑版） - 姜小斌 - 14e63e9f97.m4a	downloaded
27	雨の日のアウトプット（雨天的创作输出）変速 ver.（剪辑版2）	鱼饼吃橘子	https://sf6-cdn-tos.douyinstatic.com/obj/tos-cn-ve-2774/o8TciQOuiBPMxgrQIWAB4hatsrMUv8K55IJ3a	027 - 雨の日のアウトプット（雨天的创作输出）変速 ver.（剪辑版2） - 鱼饼吃橘子 - bc902a9cc1.m4a	downloaded
28	Proof(Slowed)	GOLD999	https://sf6-cdn-tos.douyinstatic.com/obj/tos-cn-ve-2774/ogJ0kgE2pCAHTkFIBpFEgJDEtiCZThfYQaf0DN	028 - Proof(Slowed) - GOLD999 - c99fee4425.m4a	downloaded
29	我欲成冰再也无退路（剪辑版）	迷雾里的幻境	https://sf5-hl-ali-cdn-tos.douyinstatic.com/obj/tos-cn-ve-2774/oYIWai0hQALEgiBbMfx99hHQiNDIsz75sGcBsn	029 - 我欲成冰再也无退路（剪辑版） - 迷雾里的幻境 - d455141ead.m4a	downloaded
30	够爱 (R&B版)（Cover 东城卫）（剪辑版）	大头钉	https://sf5-hl-ali-cdn-tos.douyinstatic.com/obj/tos-cn-ve-2774/oUOQyWOlADepaDKNDiFtgsYEZCpQOyiftYBpFv	030 - 够爱 (R&B版)（Cover 东城卫）（剪辑版） - 大头钉 - 16f21939f2.m4a	downloaded
31	远去的列车	四熹丸子	https://sf6-cdn-tos.douyinstatic.com/obj/tos-cn-ve-2774/os5pDflRtEDQYlf9hgngFB8IQ2ZHCaV61BrHQE	031 - 远去的列车 - 四熹丸子 - 53d3807957.m4a	downloaded
32	无尽幸福	凌晨一点的莱茵猫 & 二乘	https://sf5-hl-ali-cdn-tos.douyinstatic.com/obj/tos-cn-ve-2774/o4AuPT2eDMFGnF8xCxFQNxZo3BfwoCAIEwgEtR	032 - 无尽幸福 - 凌晨一点的莱茵猫 & 二乘 - 9accb4b40f.m4a	downloaded
33	りんごなんてつまらなくないもん！（苹果才不无聊呢！）	鱼饼吃橘子	https://sf6-cdn-tos.douyinstatic.com/obj/tos-cn-ve-2774/o4aaUKIAavFFeEf8CUzZpSf7FIDZBCDMCQlT4l	033 - りんごなんてつまらなくないもん！（苹果才不无聊呢！） - 鱼饼吃橘子 - 929e815652.m4a	downloaded
34	我就爱这乱七八糟的生活	2menG	https://sf6-cdn-tos.douyinstatic.com/obj/tos-cn-ve-2774/okAhFpgBnxTEtAFZd1YggmCCsBgfoUke5MnQND	034 - 我就爱这乱七八糟的生活 - 2menG - 13a7b487e9.m4a	downloaded
